participant_id,lag_steps,lag_minutes,pacf
HUPA0001P,1,5,0.9298911687900445
HUPA0001P,2,10,0.3988339706066519
HUPA0001P,3,15,0.6741899485401842
HUPA0001P,4,20,-0.7008979959427694
HUPA0001P,5,25,-0.1290413596180142
HUPA0001P,6,30,-0.022508752636764433
HUPA0001P,7,35,0.042751593826851175
HUPA0001P,8,40,-0.01813333735715978
HUPA0001P,9,45,0.0007668521646078927
HUPA0001P,10,50,-0.016425960663295477
HUPA0001P,11,55,0.0029119505918520664
HUPA0001P,12,60,0.04387979100683967
HUPA0001P,13,65,-0.028786567083282366
HUPA0001P,14,70,0.014977691374635524
HUPA0001P,15,75,0.017207163743248908
HUPA0001P,16,80,-0.027011998998026164
HUPA0001P,17,85,0.01052616036957139
HUPA0001P,18,90,0.03595349631330139
HUPA0001P,19,95,-0.025948972762527577
HUPA0001P,20,100,-0.00014969787967363497
HUPA0001P,21,105,0.027623783195930018
HUPA0001P,22,110,-0.022988302454085514
HUPA0001P,23,115,-0.0031854670456277177
HUPA0001P,24,120,0.027573818659335916
HUPA0001P,25,125,-0.013193538565322743
HUPA0001P,26,130,0.017342729066740968
HUPA0001P,27,135,0.02410128480834774
HUPA0001P,28,140,-0.012256506251190832
HUPA0001P,29,145,-0.004613032948945226
HUPA0001P,30,150,0.01597476752038617
HUPA0001P,31,155,-0.02023987691908252
HUPA0001P,32,160,-0.013755427964115887
HUPA0001P,33,165,-0.0291464474544017
HUPA0001P,34,170,0.010205678491388318
HUPA0001P,35,175,0.00224193681942075
HUPA0001P,36,180,-0.010060527498412755
HUPA0001P,37,185,-0.011438805457872354
HUPA0001P,38,190,-0.010322367552870318
HUPA0001P,39,195,-0.0010201690088634573
HUPA0001P,40,200,-0.002284323840342368
HUPA0001P,41,205,0.00398817903242039
HUPA0001P,42,210,0.019793211175473495
HUPA0001P,43,215,0.017135313356984
HUPA0001P,44,220,0.0017923231381067118
HUPA0001P,45,225,-0.006604478701741687
HUPA0001P,46,230,0.01288501682354201
HUPA0001P,47,235,0.01204332455523407
HUPA0001P,48,240,0.005233250799604708
HUPA0001P,49,245,0.0068798985947424165
HUPA0001P,50,250,0.02366657864266234
HUPA0001P,51,255,0.04448172745667191
HUPA0001P,52,260,-0.0009610500974382403
HUPA0001P,53,265,-0.010622613601198027
HUPA0001P,54,270,0.0065923440659793765
HUPA0001P,55,275,-0.030643065583204874
HUPA0001P,56,280,0.0191732843657701
HUPA0001P,57,285,-0.011226389506744644
HUPA0001P,58,290,0.0007325418972022556
HUPA0001P,59,295,-0.02021564281484753
HUPA0001P,60,300,0.013764131914441848
HUPA0001P,61,305,0.008149159330531284
HUPA0001P,62,310,0.018115921465506286
HUPA0001P,63,315,0.012440457795246848
HUPA0001P,64,320,0.0051376373433632
HUPA0001P,65,325,0.021701057954297814
HUPA0001P,66,330,0.013321634985666991
HUPA0001P,67,335,0.01083563360041982
HUPA0001P,68,340,-0.0028316744708377153
HUPA0001P,69,345,0.004613538653679485
HUPA0001P,70,350,0.009956411220132178
HUPA0001P,71,355,0.0007817736298408141
HUPA0001P,72,360,0.011603127972422937
HUPA0002P,1,5,0.9978159322530485
HUPA0002P,2,10,-0.8551050170243814
HUPA0002P,3,15,0.014151213771080595
HUPA0002P,4,20,0.06279388712908024
HUPA0002P,5,25,-0.08978892130430507
HUPA0002P,6,30,0.02358306557121687
HUPA0002P,7,35,0.050966932249669805
HUPA0002P,8,40,-0.09467969751950432
HUPA0002P,9,45,0.015379472806992263
HUPA0002P,10,50,0.03799642318219361
HUPA0002P,11,55,-0.033104323750854335
HUPA0002P,12,60,0.030103351037414666
HUPA0002P,13,65,0.03908512860772058
HUPA0002P,14,70,-0.09550901597299215
HUPA0002P,15,75,0.02587452387628883
HUPA0002P,16,80,0.02958488484643632
HUPA0002P,17,85,-0.07276360353853929
HUPA0002P,18,90,0.012480839440241644
HUPA0002P,19,95,0.021188499109019866
HUPA0002P,20,100,-0.021308483334780765
HUPA0002P,21,105,0.02229276990974297
HUPA0002P,22,110,0.022983682329120524
HUPA0002P,23,115,-0.06905516017168234
HUPA0002P,24,120,0.0016209025976450522
HUPA0002P,25,125,0.013035307169432703
HUPA0002P,26,130,-0.007171975991734613
HUPA0002P,27,135,0.006305545149068081
HUPA0002P,28,140,0.01355886920066222
HUPA0002P,29,145,-0.04515763812076983
HUPA0002P,30,150,-1.0685315112885893e-06
HUPA0002P,31,155,0.008235007815648643
HUPA0002P,32,160,-0.026000807392673204
HUPA0002P,33,165,0.0060142650470604644
HUPA0002P,34,170,0.006880679465274685
HUPA0002P,35,175,-0.09175885712653338
HUPA0002P,36,180,-0.010118405793577197
HUPA0002P,37,185,-0.005162654715544917
HUPA0002P,38,190,0.02911530963772754
HUPA0002P,39,195,0.0002237310990788623
HUPA0002P,40,200,0.0007604197367971886
HUPA0002P,41,205,-0.010492088734856712
HUPA0002P,42,210,-0.0024811259749748034
HUPA0002P,43,215,0.0008357738491193386
HUPA0002P,44,220,-0.0030782454993474374
HUPA0002P,45,225,0.0007608038758915905
HUPA0002P,46,230,0.0015498317318282
HUPA0002P,47,235,0.028592748826940816
HUPA0002P,48,240,0.010519861580976628
HUPA0002P,49,245,0.008703854267499547
HUPA0002P,50,250,-0.013897965931863624
HUPA0002P,51,255,0.002284678609293499
HUPA0002P,52,260,0.007206607148876801
HUPA0002P,53,265,-0.026516659477091344
HUPA0002P,54,270,0.0009653410344801367
HUPA0002P,55,275,0.0037625552718400395
HUPA0002P,56,280,0.07012623412778797
HUPA0002P,57,285,0.014542641435045066
HUPA0002P,58,290,0.015825899789366535
HUPA0002P,59,295,0.008209743770502625
HUPA0002P,60,300,0.016140817503747393
HUPA0002P,61,305,0.01796073902244158
HUPA0002P,62,310,-0.017073936933770708
HUPA0002P,63,315,0.012980379922158612
HUPA0002P,64,320,0.015813256032418982
HUPA0002P,65,325,-0.08130637537500907
HUPA0002P,66,330,-0.005806332939956402
HUPA0002P,67,335,0.0024323107455997283
HUPA0002P,68,340,-0.025502221042772086
HUPA0002P,69,345,-0.00812483435845853
HUPA0002P,70,350,-0.0026805160110053012
HUPA0002P,71,355,0.0055225116674889815
HUPA0002P,72,360,-0.002993391587952225
HUPA0003P,1,5,0.9958053285088623
HUPA0003P,2,10,-0.5067902719893618
HUPA0003P,3,15,-0.14996577762733057
HUPA0003P,4,20,-0.23042560747611102
HUPA0003P,5,25,-0.047141523956749344
HUPA0003P,6,30,-0.043864347279980856
HUPA0003P,7,35,-0.006160455198590921
HUPA0003P,8,40,0.0342258000276478
HUPA0003P,9,45,0.018614849384102496
HUPA0003P,10,50,0.0339960711865055
HUPA0003P,11,55,-0.009956587093869233
HUPA0003P,12,60,-0.015883716952974757
HUPA0003P,13,65,-0.01904106930000739
HUPA0003P,14,70,-0.008371433075687232
HUPA0003P,15,75,-0.0007991881841849029
HUPA0003P,16,80,0.0002514621358944604
HUPA0003P,17,85,-0.012223829935151751
HUPA0003P,18,90,-0.008852172085593378
HUPA0003P,19,95,-0.0016152398476872946
HUPA0003P,20,100,-0.007141243367041472
HUPA0003P,21,105,0.003339125693960236
HUPA0003P,22,110,-0.003729856375375829
HUPA0003P,23,115,0.0051704025064130315
HUPA0003P,24,120,-0.005794720675750316
HUPA0003P,25,125,-0.007811921170573918
HUPA0003P,26,130,-0.0102412001130411
HUPA0003P,27,135,-0.019158482328920257
HUPA0003P,28,140,-0.0018413146425192274
HUPA0003P,29,145,-0.0026435602406329633
HUPA0003P,30,150,-0.003327286705526215
HUPA0003P,31,155,0.0031925513428138477
HUPA0003P,32,160,0.0029078877998015566
HUPA0003P,33,165,-0.010706704617915955
HUPA0003P,34,170,-0.010830874852885529
HUPA0003P,35,175,-0.03070720585998134
HUPA0003P,36,180,-0.0052212643752407055
HUPA0003P,37,185,-0.006958110749889054
HUPA0003P,38,190,0.00427110768111763
HUPA0003P,39,195,-0.0006990139150758648
HUPA0003P,40,200,-0.011208204462750317
HUPA0003P,41,205,-0.0225088208631896
HUPA0003P,42,210,-0.01738444377428403
HUPA0003P,43,215,0.020541505377950273
HUPA0003P,44,220,-0.04389170690685537
HUPA0003P,45,225,-0.009198973396418142
HUPA0003P,46,230,-0.019413258875120607
HUPA0003P,47,235,0.007167547591120636
HUPA0003P,48,240,0.0007619282986176283
HUPA0003P,49,245,-0.004604308724311842
HUPA0003P,50,250,-0.008076924386762137
HUPA0003P,51,255,0.004907707351211601
HUPA0003P,52,260,0.009348485585666352
HUPA0003P,53,265,0.015273389231364324
HUPA0003P,54,270,0.011343976253639802
HUPA0003P,55,275,0.013515992583250872
HUPA0003P,56,280,0.009137377036005551
HUPA0003P,57,285,0.0029504204072553996
HUPA0003P,58,290,0.0006180750233439208
HUPA0003P,59,295,-0.0015603124702890977
HUPA0003P,60,300,0.00836392528022789
HUPA0003P,61,305,-0.0017655107472973797
HUPA0003P,62,310,0.00024636524764226115
HUPA0003P,63,315,-0.007109004906317676
HUPA0003P,64,320,0.004939373297192839
HUPA0003P,65,325,0.0016740825935877548
HUPA0003P,66,330,0.015752332740128192
HUPA0003P,67,335,0.02127897521185687
HUPA0003P,68,340,0.008138455448149113
HUPA0003P,69,345,0.014792756893399341
HUPA0003P,70,350,0.00333608558887865
HUPA0003P,71,355,-0.0006275427031336275
HUPA0003P,72,360,0.016625132042180482
HUPA0004P,1,5,0.9977305079887983
HUPA0004P,2,10,-0.8866390036372249
HUPA0004P,3,15,-0.09773388464249011
HUPA0004P,4,20,0.009377968961833644
HUPA0004P,5,25,0.16033894865137382
HUPA0004P,6,30,0.081424395114258
HUPA0004P,7,35,0.06846547216757994
HUPA0004P,8,40,-0.1277015452006977
HUPA0004P,9,45,-0.010422659562759071
HUPA0004P,10,50,0.04024084056513351
HUPA0004P,11,55,-0.07543789304494064
HUPA0004P,12,60,-0.014873521031619295
HUPA0004P,13,65,0.022025552604760832
HUPA0004P,14,70,-0.06268830011927985
HUPA0004P,15,75,0.043236272321050456
HUPA0004P,16,80,0.03601295591915671
HUPA0004P,17,85,-0.02321906027824341
HUPA0004P,18,90,0.0018117281511877813
HUPA0004P,19,95,0.016766440681645994
HUPA0004P,20,100,-0.05125560525975047
HUPA0004P,21,105,0.0008407731948943401
HUPA0004P,22,110,0.016303381702090197
HUPA0004P,23,115,-0.031185815459492554
HUPA0004P,24,120,0.002813370395993265
HUPA0004P,25,125,0.01379357087407712
HUPA0004P,26,130,-0.01347736244254789
HUPA0004P,27,135,0.011698889614499247
HUPA0004P,28,140,0.01171190798808177
HUPA0004P,29,145,-0.00511716122189873
HUPA0004P,30,150,0.00913809340947277
HUPA0004P,31,155,0.013192139325606252
HUPA0004P,32,160,-0.02588714940155863
HUPA0004P,33,165,-0.0053676115236132695
HUPA0004P,34,170,0.007854673345169974
HUPA0004P,35,175,-0.00686692072107269
HUPA0004P,36,180,-0.006576342338581463
HUPA0004P,37,185,0.004365086397913104
HUPA0004P,38,190,-0.01045711936497276
HUPA0004P,39,195,0.004317340992016737
HUPA0004P,40,200,0.00663648035881512
HUPA0004P,41,205,-0.011936682591146094
HUPA0004P,42,210,0.008950485824350853
HUPA0004P,43,215,0.006956551085964254
HUPA0004P,44,220,0.007733053455541093
HUPA0004P,45,225,-0.0068377513825533765
HUPA0004P,46,230,0.0015706022002180185
HUPA0004P,47,235,-0.035840179391079294
HUPA0004P,48,240,-0.007796200114888199
HUPA0004P,49,245,0.0018648107541963585
HUPA0004P,50,250,0.012583803589646161
HUPA0004P,51,255,0.00915037750423988
HUPA0004P,52,260,0.0034297459470358
HUPA0004P,53,265,0.026482429908866286
HUPA0004P,54,270,0.005126348566642692
HUPA0004P,55,275,0.003677607644220412
HUPA0004P,56,280,-0.03763433254907166
HUPA0004P,57,285,0.025269842978444514
HUPA0004P,58,290,0.016442961454013725
HUPA0004P,59,295,0.02464529077414359
HUPA0004P,60,300,-0.007471440046900866
HUPA0004P,61,305,0.0013809288577408666
HUPA0004P,62,310,-0.0009232827858113449
HUPA0004P,63,315,0.012753231767562231
HUPA0004P,64,320,0.011340434446098502
HUPA0004P,65,325,-1.9972888610705297e-05
HUPA0004P,66,330,-0.005629792212111285
HUPA0004P,67,335,0.004713542820748818
HUPA0004P,68,340,-0.03570041205956666
HUPA0004P,69,345,0.0051738418371456586
HUPA0004P,70,350,0.002267673215412664
HUPA0004P,71,355,-0.00925543195729698
HUPA0004P,72,360,0.00882170076362201
HUPA0005P,1,5,0.9942379821707777
HUPA0005P,2,10,-0.47706441952969664
HUPA0005P,3,15,-0.09845898386415339
HUPA0005P,4,20,-0.04020000841948257
HUPA0005P,5,25,-0.0304271928512857
HUPA0005P,6,30,-0.031761773900765414
HUPA0005P,7,35,-0.04641023498928701
HUPA0005P,8,40,0.014450685300173132
HUPA0005P,9,45,-0.019520187778488705
HUPA0005P,10,50,-0.022168173010842836
HUPA0005P,11,55,-0.0020884474826202825
HUPA0005P,12,60,-0.03283753069217872
HUPA0005P,13,65,-0.038538737206940614
HUPA0005P,14,70,-0.01227965815053313
HUPA0005P,15,75,-0.00583651654688148
HUPA0005P,16,80,0.03813561997279912
HUPA0005P,17,85,-0.04520936199587481
HUPA0005P,18,90,-0.013021782278751578
HUPA0005P,19,95,-0.047546150104165325
HUPA0005P,20,100,0.011621093278516919
HUPA0005P,21,105,-0.0030125890089052775
HUPA0005P,22,110,0.0003965461049097479
HUPA0005P,23,115,0.02920852737388349
HUPA0005P,24,120,-0.016044402915845468
HUPA0005P,25,125,0.009599651882361324
HUPA0005P,26,130,0.01714159926293115
HUPA0005P,27,135,-0.0020422998847521748
HUPA0005P,28,140,0.014474263588273152
HUPA0005P,29,145,0.00199067887106609
HUPA0005P,30,150,0.013450160132007397
HUPA0005P,31,155,-0.009124076132597242
HUPA0005P,32,160,-0.004020821053258106
HUPA0005P,33,165,0.006009225286350099
HUPA0005P,34,170,0.004609337046739378
HUPA0005P,35,175,0.016636267592913565
HUPA0005P,36,180,0.0036164135022260266
HUPA0005P,37,185,0.005162373924725196
HUPA0005P,38,190,-0.0006557408909728233
HUPA0005P,39,195,-0.011392972783752222
HUPA0005P,40,200,-0.016450886557822425
HUPA0005P,41,205,-0.016584898448181406
HUPA0005P,42,210,-0.001034123647231579
HUPA0005P,43,215,-0.0074829592418432945
HUPA0005P,44,220,0.008862226594044861
HUPA0005P,45,225,0.007679373849811477
HUPA0005P,46,230,0.014141321621616073
HUPA0005P,47,235,-0.006096789733823674
HUPA0005P,48,240,-0.00019460185576118628
HUPA0005P,49,245,0.01005896008249125
HUPA0005P,50,250,0.006727786393541726
HUPA0005P,51,255,-0.020777200779408388
HUPA0005P,52,260,-0.00720047618704325
HUPA0005P,53,265,-0.018187716396319116
HUPA0005P,54,270,-0.001625189731770496
HUPA0005P,55,275,0.000995466389409609
HUPA0005P,56,280,0.017700938196976268
HUPA0005P,57,285,0.004837796775114989
HUPA0005P,58,290,0.003971078838720431
HUPA0005P,59,295,-0.017217159420140873
HUPA0005P,60,300,-0.006050355193040271
HUPA0005P,61,305,-0.008588058732605994
HUPA0005P,62,310,-0.01249696551538859
HUPA0005P,63,315,-0.003950526952499645
HUPA0005P,64,320,0.020026166452683423
HUPA0005P,65,325,0.02221790253698599
HUPA0005P,66,330,0.010372497131388604
HUPA0005P,67,335,-0.03967064019625135
HUPA0005P,68,340,-0.00501638058221263
HUPA0005P,69,345,-0.013988262513564997
HUPA0005P,70,350,-0.028258263759192985
HUPA0005P,71,355,0.012520004924668685
HUPA0005P,72,360,0.015270450016647834
HUPA0006P,1,5,0.9978445045612346
HUPA0006P,2,10,-0.773398160800022
HUPA0006P,3,15,-0.23100125997532134
HUPA0006P,4,20,-0.0548600050079255
HUPA0006P,5,25,0.07419285244196865
HUPA0006P,6,30,0.050408749219528634
HUPA0006P,7,35,0.05423561179808285
HUPA0006P,8,40,-0.07292797309967267
HUPA0006P,9,45,-0.014069293153016707
HUPA0006P,10,50,0.023402640411169667
HUPA0006P,11,55,-0.02981531154925898
HUPA0006P,12,60,-0.0006943093206364308
HUPA0006P,13,65,0.01615759561694948
HUPA0006P,14,70,-0.061680779772997046
HUPA0006P,15,75,-0.010069846598083024
HUPA0006P,16,80,0.00823306088500458
HUPA0006P,17,85,-0.034997400439190744
HUPA0006P,18,90,-0.021191719177694388
HUPA0006P,19,95,-0.012033644499344668
HUPA0006P,20,100,0.018217460196386835
HUPA0006P,21,105,-0.010276150538457497
HUPA0006P,22,110,-0.013626206445115072
HUPA0006P,23,115,-0.014506327356549716
HUPA0006P,24,120,-0.006047100336386208
HUPA0006P,25,125,-0.0030489636639484644
HUPA0006P,26,130,-0.027427916763414363
HUPA0006P,27,135,-0.017753221772126314
HUPA0006P,28,140,-0.01227248446362323
HUPA0006P,29,145,0.004519216987471262
HUPA0006P,30,150,-0.002110025465876155
HUPA0006P,31,155,-0.005236539958340239
HUPA0006P,32,160,-0.021510998565190762
HUPA0006P,33,165,-0.026167345779989075
HUPA0006P,34,170,-0.018607641676415133
HUPA0006P,35,175,-0.015488400250045968
HUPA0006P,36,180,-0.017155561652482675
HUPA0006P,37,185,-0.018387769956580983
HUPA0006P,38,190,0.004064051423381888
HUPA0006P,39,195,0.0045264623137106766
HUPA0006P,40,200,-0.002008818176200291
HUPA0006P,41,205,-0.0020788334562212006
HUPA0006P,42,210,-0.0014881651377298213
HUPA0006P,43,215,-0.0006446870435468921
HUPA0006P,44,220,-0.00797532303604018
HUPA0006P,45,225,0.0014263749191007007
HUPA0006P,46,230,0.0027187442294936068
HUPA0006P,47,235,0.03174391973174998
HUPA0006P,48,240,0.011794873993365436
HUPA0006P,49,245,0.008065693565740998
HUPA0006P,50,250,-0.0303773207022072
HUPA0006P,51,255,-0.0025192742009035353
HUPA0006P,52,260,0.007859287337854045
HUPA0006P,53,265,-0.04030987645995452
HUPA0006P,54,270,0.00011122705734266204
HUPA0006P,55,275,0.004987955494780819
HUPA0006P,56,280,0.06744052341942208
HUPA0006P,57,285,0.00796530820482368
HUPA0006P,58,290,-0.003162904172773536
HUPA0006P,59,295,-0.003300497838675637
HUPA0006P,60,300,-0.0032947321713922458
HUPA0006P,61,305,0.004112057162828079
HUPA0006P,62,310,-0.03476094946160816
HUPA0006P,63,315,-0.024065911668916272
HUPA0006P,64,320,-0.015599719452107703
HUPA0006P,65,325,-0.033199770462722454
HUPA0006P,66,330,-0.018400555803370015
HUPA0006P,67,335,-0.01690830696954523
HUPA0006P,68,340,-0.011252013126944668
HUPA0006P,69,345,-0.017454460416093782
HUPA0006P,70,350,-0.018558369173778552
HUPA0006P,71,355,0.02380439720628151
HUPA0006P,72,360,0.005614933612502858
HUPA0007P,1,5,0.9872241013768321
HUPA0007P,2,10,-0.09627654676104211
HUPA0007P,3,15,0.059528319126470344
HUPA0007P,4,20,-0.17962364149793245
HUPA0007P,5,25,-0.09394912858255997
HUPA0007P,6,30,-0.11736218300231498
HUPA0007P,7,35,-0.08323241541052309
HUPA0007P,8,40,-0.04215124862807491
HUPA0007P,9,45,-0.051375957971563344
HUPA0007P,10,50,-0.027279359075654833
HUPA0007P,11,55,-0.0008686680560824816
HUPA0007P,12,60,0.010798223942467954
HUPA0007P,13,65,0.005789447965858577
HUPA0007P,14,70,-0.012017373440688912
HUPA0007P,15,75,-0.009727717016350773
HUPA0007P,16,80,-0.0032030258458839683
HUPA0007P,17,85,-0.012154076177326677
HUPA0007P,18,90,-0.014680362479149582
HUPA0007P,19,95,0.004019271579531192
HUPA0007P,20,100,-1.0802220124341282e-05
HUPA0007P,21,105,0.012533687988452965
HUPA0007P,22,110,0.01850301621139423
HUPA0007P,23,115,-0.00011380148914792788
HUPA0007P,24,120,0.004724191591050997
HUPA0007P,25,125,-0.011097518513787074
HUPA0007P,26,130,0.0009778956481903492
HUPA0007P,27,135,-0.0052715398559391976
HUPA0007P,28,140,0.0056214240051821645
HUPA0007P,29,145,0.010626557428613582
HUPA0007P,30,150,0.011983821329235922
HUPA0007P,31,155,0.010404209842534958
HUPA0007P,32,160,-0.009562834221275745
HUPA0007P,33,165,-0.009603880635241055
HUPA0007P,34,170,0.008889048975791089
HUPA0007P,35,175,-0.00766886993070391
HUPA0007P,36,180,0.0007635170264693804
HUPA0007P,37,185,0.000819696077405443
HUPA0007P,38,190,0.008791301180660854
HUPA0007P,39,195,0.004121105267909348
HUPA0007P,40,200,-0.0018570584580499838
HUPA0007P,41,205,-0.018443174961839837
HUPA0007P,42,210,0.00010871416040625209
HUPA0007P,43,215,0.004759898028492697
HUPA0007P,44,220,0.002653351100572479
HUPA0007P,45,225,-0.016776555746471813
HUPA0007P,46,230,0.02157506327969289
HUPA0007P,47,235,0.024361329371374765
HUPA0007P,48,240,-0.018295531520468356
HUPA0007P,49,245,0.0077587658123938336
HUPA0007P,50,250,-0.005765126351600245
HUPA0007P,51,255,0.005071202182200106
HUPA0007P,52,260,0.0080267689601675
HUPA0007P,53,265,0.0026786327075259265
HUPA0007P,54,270,-0.0016263367591957637
HUPA0007P,55,275,0.009331351177954583
HUPA0007P,56,280,0.0063940259911529785
HUPA0007P,57,285,0.009657795304441765
HUPA0007P,58,290,0.007794047031331343
HUPA0007P,59,295,0.0005193936128770833
HUPA0007P,60,300,0.007078611693849197
HUPA0007P,61,305,0.0009514613312515116
HUPA0007P,62,310,-0.00476070967522627
HUPA0007P,63,315,-0.01596192820444329
HUPA0007P,64,320,-0.017448894282503388
HUPA0007P,65,325,-0.01445547097976949
HUPA0007P,66,330,-0.01571283888663995
HUPA0007P,67,335,0.002512284080022413
HUPA0007P,68,340,-0.003673057903826769
HUPA0007P,69,345,0.002465990781518004
HUPA0007P,70,350,-0.010545544342002887
HUPA0007P,71,355,0.014388162869839786
HUPA0007P,72,360,-0.026905737159237924
HUPA0009P,1,5,0.9986416945622529
HUPA0009P,2,10,-0.4208167825417589
HUPA0009P,3,15,-0.23207185692617485
HUPA0009P,4,20,-0.16775211451924465
HUPA0009P,5,25,-0.12144728573463365
HUPA0009P,6,30,-0.08815290032652809
HUPA0009P,7,35,-0.06314155731968722
HUPA0009P,8,40,-0.04390718428472096
HUPA0009P,9,45,-0.03321658501300917
HUPA0009P,10,50,-0.023602594359112224
HUPA0009P,11,55,-0.01549595950850621
HUPA0009P,12,60,-0.006229928601449543
HUPA0009P,13,65,-0.002117388636183268
HUPA0009P,14,70,0.0005911740351374362
HUPA0009P,15,75,-0.0011682151644056196
HUPA0009P,16,80,-0.0006663104912662935
HUPA0009P,17,85,0.0006453640148950703
HUPA0009P,18,90,0.0025369214636066202
HUPA0009P,19,95,0.004702231883302332
HUPA0009P,20,100,0.007096722946676195
HUPA0009P,21,105,0.007293851631121168
HUPA0009P,22,110,0.008610656186890962
HUPA0009P,23,115,0.010440518583141968
HUPA0009P,24,120,0.01230153356645671
HUPA0009P,25,125,0.006317899593291252
HUPA0009P,26,130,0.0040369566011349296
HUPA0009P,27,135,0.0008100503216444472
HUPA0009P,28,140,-0.0002146971743026309
HUPA0009P,29,145,-9.864123216099932e-05
HUPA0009P,30,150,0.0007331174074891417
HUPA0009P,31,155,-0.0007567839706990068
HUPA0009P,32,160,-0.0028693205284554377
HUPA0009P,33,165,-0.0034316483367100485
HUPA0009P,34,170,-0.003203746762146833
HUPA0009P,35,175,-0.0030271765134458435
HUPA0009P,36,180,-0.004021347041826028
HUPA0009P,37,185,-0.004075151502184642
HUPA0009P,38,190,-0.005344374037916088
HUPA0009P,39,195,-0.005391527086962966
HUPA0009P,40,200,-0.005121333742790839
HUPA0009P,41,205,-0.004919259706276654
HUPA0009P,42,210,-0.0046887353194621255
HUPA0009P,43,215,-0.004319935246914965
HUPA0009P,44,220,-0.003945912543403493
HUPA0009P,45,225,-0.0035833120194016274
HUPA0009P,46,230,-0.003248600893786322
HUPA0009P,47,235,-0.002270133094481031
HUPA0009P,48,240,-0.0016694437525072517
HUPA0009P,49,245,-0.002301043946122076
HUPA0009P,50,250,-0.002466227915891386
HUPA0009P,51,255,-0.0026255627283387666
HUPA0009P,52,260,-0.0028780513163723367
HUPA0009P,53,265,-0.003047846786922477
HUPA0009P,54,270,-0.0012230804396004124
HUPA0009P,55,275,-0.00037605456052120737
HUPA0009P,56,280,-0.00038951359233600416
HUPA0009P,57,285,-0.0019153416067900194
HUPA0009P,58,290,-0.003300697361119104
HUPA0009P,59,295,-0.004475017708646658
HUPA0009P,60,300,-0.005224312048236569
HUPA0009P,61,305,-0.0035672978182083965
HUPA0009P,62,310,-0.0032100283050462254
HUPA0009P,63,315,-0.002974867859636483
HUPA0009P,64,320,-0.005022159507263873
HUPA0009P,65,325,-0.004766171847641406
HUPA0009P,66,330,-0.004767082551007853
HUPA0009P,67,335,-0.005297822807184977
HUPA0009P,68,340,-0.005592216201696274
HUPA0009P,69,345,-0.00553583886047426
HUPA0009P,70,350,-0.0054239318987008124
HUPA0009P,71,355,-0.005790670440592933
HUPA0009P,72,360,-0.006483840830685837
HUPA0010P,1,5,0.9955525468425234
HUPA0010P,2,10,-0.599659070201147
HUPA0010P,3,15,-0.1581878243985948
HUPA0010P,4,20,-0.10825784920975814
HUPA0010P,5,25,-0.05638381317233694
HUPA0010P,6,30,-0.06546635291630394
HUPA0010P,7,35,-0.04084800141108646
HUPA0010P,8,40,-0.027312022783653786
HUPA0010P,9,45,-0.005126314335204538
HUPA0010P,10,50,0.003747655842241623
HUPA0010P,11,55,-0.02332996298918779
HUPA0010P,12,60,-0.007145673692736488
HUPA0010P,13,65,0.04684362568665241
HUPA0010P,14,70,-0.012210278398028813
HUPA0010P,15,75,0.006906855403875596
HUPA0010P,16,80,0.03467610052697255
HUPA0010P,17,85,-0.006192513903176666
HUPA0010P,18,90,-0.005420965265888835
HUPA0010P,19,95,-0.018225004129668237
HUPA0010P,20,100,-0.00295204012828258
HUPA0010P,21,105,0.0026465360795522408
HUPA0010P,22,110,-0.004699893666411874
HUPA0010P,23,115,-0.011850515254417049
HUPA0010P,24,120,-0.016149135467917124
HUPA0010P,25,125,-0.009857477362242616
HUPA0010P,26,130,-0.008889467145489395
HUPA0010P,27,135,-0.009091983426148037
HUPA0010P,28,140,-0.003391494921418114
HUPA0010P,29,145,-0.002672199461948379
HUPA0010P,30,150,0.010187828778495037
HUPA0010P,31,155,0.013049342763829214
HUPA0010P,32,160,0.012094936252875176
HUPA0010P,33,165,0.004207693332344854
HUPA0010P,34,170,0.01329919393511265
HUPA0010P,35,175,-0.010402265321123604
HUPA0010P,36,180,-0.006817336930337018
HUPA0010P,37,185,-0.005581021605885726
HUPA0010P,38,190,-0.017801777782762988
HUPA0010P,39,195,-0.021248547136434745
HUPA0010P,40,200,-0.08032412603193471
HUPA0010P,41,205,0.07956785899005331
HUPA0010P,42,210,-0.014576271087467002
HUPA0010P,43,215,-0.007715913582783698
HUPA0010P,44,220,-0.046729916920919004
HUPA0010P,45,225,-0.0002606747798134909
HUPA0010P,46,230,-0.001984453536377876
HUPA0010P,47,235,0.01027606414666755
HUPA0010P,48,240,0.010702260230560279
HUPA0010P,49,245,0.013017369777042315
HUPA0010P,50,250,0.008499102517288562
HUPA0010P,51,255,0.013351846511711906
HUPA0010P,52,260,0.002705217844020628
HUPA0010P,53,265,0.020612835837397075
HUPA0010P,54,270,-0.018639691206782466
HUPA0010P,55,275,-0.01463383292172695
HUPA0010P,56,280,0.006011250515254775
HUPA0010P,57,285,0.004145506020501046
HUPA0010P,58,290,0.0044274242506598584
HUPA0010P,59,295,-0.005270034778819657
HUPA0010P,60,300,-0.0020311248368486685
HUPA0010P,61,305,0.007090384960562395
HUPA0010P,62,310,0.005788477277725057
HUPA0010P,63,315,0.003595171300058267
HUPA0010P,64,320,0.007678744960780589
HUPA0010P,65,325,-0.0010054067778295915
HUPA0010P,66,330,-0.0031021485942246017
HUPA0010P,67,335,-0.0028872472436824647
HUPA0010P,68,340,-0.0072191720495680695
HUPA0010P,69,345,0.00138068107929611
HUPA0010P,70,350,0.002759185221044673
HUPA0010P,71,355,0.00437740858729936
HUPA0010P,72,360,0.006603694334833501
HUPA0011P,1,5,0.9942977672171621
HUPA0011P,2,10,-0.7024915702005601
HUPA0011P,3,15,-0.12234942772331091
HUPA0011P,4,20,-0.0684502207742445
HUPA0011P,5,25,-0.001957607167226884
HUPA0011P,6,30,0.011749740499661187
HUPA0011P,7,35,0.03915467687494881
HUPA0011P,8,40,-0.01022461544698257
HUPA0011P,9,45,0.009418119029454747
HUPA0011P,10,50,0.04190156139837526
HUPA0011P,11,55,-0.0236280163621347
HUPA0011P,12,60,-0.007746757893751262
HUPA0011P,13,65,0.016261346467267044
HUPA0011P,14,70,-0.043230213483713455
HUPA0011P,15,75,0.010291571379988365
HUPA0011P,16,80,0.01877403456319664
HUPA0011P,17,85,-0.02502828895580123
HUPA0011P,18,90,-0.025018210238636564
HUPA0011P,19,95,-0.021648808132058585
HUPA0011P,20,100,-0.0014997855989948188
HUPA0011P,21,105,0.005445617176679755
HUPA0011P,22,110,0.015327269971534399
HUPA0011P,23,115,-0.020127295237558237
HUPA0011P,24,120,0.0006100364100526034
HUPA0011P,25,125,-0.005880368124539472
HUPA0011P,26,130,-0.011439321307004114
HUPA0011P,27,135,-0.0017683058064879534
HUPA0011P,28,140,-0.010184734350146387
HUPA0011P,29,145,0.00014141767450387077
HUPA0011P,30,150,-0.010546744111201021
HUPA0011P,31,155,0.013124577320002204
HUPA0011P,32,160,0.026624933793232598
HUPA0011P,33,165,-0.0031142419986554654
HUPA0011P,34,170,0.0012824211185794826
HUPA0011P,35,175,0.01842624988018394
HUPA0011P,36,180,0.027629696728572153
HUPA0011P,37,185,-0.029288154631478124
HUPA0011P,38,190,-0.08918862071617721
HUPA0011P,39,195,0.044864755021693924
HUPA0011P,40,200,0.001660026805302459
HUPA0011P,41,205,-0.02224758986367423
HUPA0011P,42,210,-0.036965698234127244
HUPA0011P,43,215,-0.01089744440675161
HUPA0011P,44,220,0.0018839883891186493
HUPA0011P,45,225,-0.01833461409421584
HUPA0011P,46,230,0.0018145553145009182
HUPA0011P,47,235,0.03470312256773726
HUPA0011P,48,240,0.004097630480966644
HUPA0011P,49,245,-0.010059979613103898
HUPA0011P,50,250,8.00748350258233e-05
HUPA0011P,51,255,0.018148819803534416
HUPA0011P,52,260,0.009704296956145875
HUPA0011P,53,265,0.0012766509969579177
HUPA0011P,54,270,0.014166070703824552
HUPA0011P,55,275,0.01173048544176216
HUPA0011P,56,280,-0.007456388573508066
HUPA0011P,57,285,-0.007484620411324199
HUPA0011P,58,290,-0.01331857387168263
HUPA0011P,59,295,-0.01765007007979463
HUPA0011P,60,300,-0.024918187446268385
HUPA0011P,61,305,-0.017971951542302193
HUPA0011P,62,310,-0.01184949713569323
HUPA0011P,63,315,-0.02011833130831861
HUPA0011P,64,320,0.001545459663743936
HUPA0011P,65,325,0.015365066492608666
HUPA0011P,66,330,0.0013991968029766154
HUPA0011P,67,335,0.0018288674428536204
HUPA0011P,68,340,0.001294078431900937
HUPA0011P,69,345,-0.011984610364897615
HUPA0011P,70,350,0.004241166176450801
HUPA0011P,71,355,0.01816119156865613
HUPA0011P,72,360,0.01605532378565743
HUPA0014P,1,5,0.9978028219736385
HUPA0014P,2,10,-0.8199841108953655
HUPA0014P,3,15,-0.1238481421977244
HUPA0014P,4,20,0.01788151169201932
HUPA0014P,5,25,0.027742444503182185
HUPA0014P,6,30,0.03660225514360966
HUPA0014P,7,35,0.05558582694509034
HUPA0014P,8,40,-0.12086570199461305
HUPA0014P,9,45,-0.029750510018025214
HUPA0014P,10,50,0.014151220104396485
HUPA0014P,11,55,-0.0277893030649645
HUPA0014P,12,60,0.004294706672413258
HUPA0014P,13,65,0.015671459525952683
HUPA0014P,14,70,-0.011949172984628146
HUPA0014P,15,75,0.011608166684762883
HUPA0014P,16,80,0.019490318104593236
HUPA0014P,17,85,-0.045275702188683674
HUPA0014P,18,90,-0.0004998652982550176
HUPA0014P,19,95,0.011634558338371907
HUPA0014P,20,100,-0.03261710154954502
HUPA0014P,21,105,-0.00287414498783123
HUPA0014P,22,110,0.004308453223542024
HUPA0014P,23,115,-0.048885237538626246
HUPA0014P,24,120,-0.005049630733087533
HUPA0014P,25,125,-0.0007668756909227948
HUPA0014P,26,130,0.02385543018139611
HUPA0014P,27,135,-0.0012377533699096332
HUPA0014P,28,140,-0.0003175762215300561
HUPA0014P,29,145,-0.004758469302220725
HUPA0014P,30,150,0.0009891163486288636
HUPA0014P,31,155,0.005236676882557738
HUPA0014P,32,160,-0.01229982940528637
HUPA0014P,33,165,0.0007860749849877127
HUPA0014P,34,170,0.003048284328027688
HUPA0014P,35,175,-0.0040225325169590586
HUPA0014P,36,180,0.0059250494496867505
HUPA0014P,37,185,0.004847745410741467
HUPA0014P,38,190,-0.011495148490778272
HUPA0014P,39,195,0.0021008093256911207
HUPA0014P,40,200,0.004378166357529544
HUPA0014P,41,205,-0.004074207622003418
HUPA0014P,42,210,0.00041528173527024924
HUPA0014P,43,215,0.0024797103992250623
HUPA0014P,44,220,-0.010798340182319167
HUPA0014P,45,225,-0.008750878221468946
HUPA0014P,46,230,-0.0030881904906038
HUPA0014P,47,235,-0.015852121559024403
HUPA0014P,48,240,-0.010068516405507882
HUPA0014P,49,245,-0.007113025629487637
HUPA0014P,50,250,-0.011554396269143166
HUPA0014P,51,255,-0.007868481109067984
HUPA0014P,52,260,-0.008523478746573466
HUPA0014P,53,265,-0.008212307072832808
HUPA0014P,54,270,-0.007820204067843593
HUPA0014P,55,275,-0.008538834347663777
HUPA0014P,56,280,0.012377489600325635
HUPA0014P,57,285,0.002853273261285943
HUPA0014P,58,290,-0.0018756043473525527
HUPA0014P,59,295,0.002531137230156085
HUPA0014P,60,300,-0.008643889427686591
HUPA0014P,61,305,-0.004815091397846919
HUPA0014P,62,310,-0.02623452882547228
HUPA0014P,63,315,-0.016710404177022124
HUPA0014P,64,320,-0.01149196662734923
HUPA0014P,65,325,-0.017001600554497214
HUPA0014P,66,330,-0.012498034718010921
HUPA0014P,67,335,-0.01373635757827148
HUPA0014P,68,340,0.027468869488733484
HUPA0014P,69,345,-0.002465036224292314
HUPA0014P,70,350,-0.006440246679417508
HUPA0014P,71,355,0.005641674886721151
HUPA0014P,72,360,-0.00610378128765563
HUPA0015P,1,5,0.9966816004261193
HUPA0015P,2,10,-0.7841047257945657
HUPA0015P,3,15,-0.26104025867026603
HUPA0015P,4,20,-0.09169545282523131
HUPA0015P,5,25,0.07497816858710271
HUPA0015P,6,30,0.09604124319918532
HUPA0015P,7,35,0.08598766981986294
HUPA0015P,8,40,-0.08383800457370218
HUPA0015P,9,45,-0.06576034870767437
HUPA0015P,10,50,-0.010055328233914487
HUPA0015P,11,55,-0.01985276518928743
HUPA0015P,12,60,-0.007128835813112232
HUPA0015P,13,65,0.004501066417743847
HUPA0015P,14,70,0.05522067004234381
HUPA0015P,15,75,0.002516329099015536
HUPA0015P,16,80,0.002902212914328039
HUPA0015P,17,85,-0.07069991689426307
HUPA0015P,18,90,0.005631566166693483
HUPA0015P,19,95,0.02928972121293373
HUPA0015P,20,100,0.011947781245014336
HUPA0015P,21,105,0.019511916280115463
HUPA0015P,22,110,0.019674725302173107
HUPA0015P,23,115,-0.0035949306303156613
HUPA0015P,24,120,-0.00899951190510785
HUPA0015P,25,125,0.010272245703352846
HUPA0015P,26,130,-0.029743661488145504
HUPA0015P,27,135,-0.008387672560956618
HUPA0015P,28,140,-0.0017593900761700143
HUPA0015P,29,145,-0.006253084693236168
HUPA0015P,30,150,-0.01185400482278493
HUPA0015P,31,155,-0.009106902894042099
HUPA0015P,32,160,0.008945429247750098
HUPA0015P,33,165,0.0037510409064619066
HUPA0015P,34,170,0.0026820792991213357
HUPA0015P,35,175,-0.014544311210427081
HUPA0015P,36,180,0.007292640293815685
HUPA0015P,37,185,0.005874207448524849
HUPA0015P,38,190,0.011015227409668591
HUPA0015P,39,195,0.00323208957743187
HUPA0015P,40,200,0.0012747746339097745
HUPA0015P,41,205,-0.0005454724502231326
HUPA0015P,42,210,-0.00961547029225778
HUPA0015P,43,215,-0.005044427084613305
HUPA0015P,44,220,-0.02075166242577469
HUPA0015P,45,225,-0.00995089312576881
HUPA0015P,46,230,-0.00042583487367644043
HUPA0015P,47,235,-0.008898384621415074
HUPA0015P,48,240,-0.019307750465370976
HUPA0015P,49,245,-0.024746096297746774
HUPA0015P,50,250,-0.007436727336187746
HUPA0015P,51,255,-0.007277782728577422
HUPA0015P,52,260,-0.02101493168423294
HUPA0015P,53,265,0.010539770844147681
HUPA0015P,54,270,-0.00576303917454731
HUPA0015P,55,275,-0.01040616368209137
HUPA0015P,56,280,-0.010440280232018274
HUPA0015P,57,285,-0.021387187966741227
HUPA0015P,58,290,-0.005876323854946551
HUPA0015P,59,295,-0.031972613861619516
HUPA0015P,60,300,-0.00637095252748979
HUPA0015P,61,305,0.010370197906203697
HUPA0015P,62,310,0.027664897860313318
HUPA0015P,63,315,0.006732604981123578
HUPA0015P,64,320,-6.729178022065927e-05
HUPA0015P,65,325,0.007724228477694517
HUPA0015P,66,330,0.0002544633862804723
HUPA0015P,67,335,-0.01175898324850979
HUPA0015P,68,340,-0.005097840356803693
HUPA0015P,69,345,0.0056468254975907215
HUPA0015P,70,350,-0.003108851239585861
HUPA0015P,71,355,0.008752528536331674
HUPA0015P,72,360,-0.0011896889877505237
HUPA0016P,1,5,0.9981012088666157
HUPA0016P,2,10,-0.7546691367921443
HUPA0016P,3,15,-0.16782146533116712
HUPA0016P,4,20,-0.0013613741212184644
HUPA0016P,5,25,0.01841620605544631
HUPA0016P,6,30,0.013326623794311718
HUPA0016P,7,35,0.04053038635158804
HUPA0016P,8,40,-0.06298453024075142
HUPA0016P,9,45,-0.04008322618694032
HUPA0016P,10,50,-0.003225510911325075
HUPA0016P,11,55,-0.03157705942223828
HUPA0016P,12,60,-0.012782303770050194
HUPA0016P,13,65,-0.0008995638372777355
HUPA0016P,14,70,-0.009053338301341404
HUPA0016P,15,75,-0.001346019912599288
HUPA0016P,16,80,0.003262546660008473
HUPA0016P,17,85,-0.0158063149581023
HUPA0016P,18,90,0.006771773090742869
HUPA0016P,19,95,0.010415536417365031
HUPA0016P,20,100,-0.020657839684237417
HUPA0016P,21,105,-0.0059049786972959675
HUPA0016P,22,110,0.0012923359924416485
HUPA0016P,23,115,0.00705853527019957
HUPA0016P,24,120,0.006555242419276586
HUPA0016P,25,125,0.007652090156889912
HUPA0016P,26,130,-0.0027234218942924905
HUPA0016P,27,135,0.010005927804299337
HUPA0016P,28,140,0.0119660896279295
HUPA0016P,29,145,-0.012370955013638118
HUPA0016P,30,150,-0.009706360765054784
HUPA0016P,31,155,-0.002386566338329322
HUPA0016P,32,160,-0.03331522094384799
HUPA0016P,33,165,-0.012346385951768232
HUPA0016P,34,170,-0.008569845527354734
HUPA0016P,35,175,3.6067325832032185e-05
HUPA0016P,36,180,0.013908551371292741
HUPA0016P,37,185,0.0066726437178742555
HUPA0016P,38,190,-0.02592575260616575
HUPA0016P,39,195,-0.0016146461235704102
HUPA0016P,40,200,0.0013504831128736989
HUPA0016P,41,205,0.005846727870680575
HUPA0016P,42,210,-0.01791303128999424
HUPA0016P,43,215,-0.012990550819172565
HUPA0016P,44,220,-0.02543840744624755
HUPA0016P,45,225,-0.0005982684822016429
HUPA0016P,46,230,-0.0022070553368866547
HUPA0016P,47,235,0.04146876465323367
HUPA0016P,48,240,0.009544856106936448
HUPA0016P,49,245,0.0033790747655835255
HUPA0016P,50,250,0.011057478505688535
HUPA0016P,51,255,0.002361223454616745
HUPA0016P,52,260,0.005746628563070084
HUPA0016P,53,265,0.0034341869641399134
HUPA0016P,54,270,0.0022102496654214303
HUPA0016P,55,275,0.0035836132426508224
HUPA0016P,56,280,-0.00521670228168665
HUPA0016P,57,285,0.004735385399341629
HUPA0016P,58,290,0.005005955250015668
HUPA0016P,59,295,-0.018419088453800324
HUPA0016P,60,300,-0.02255992019062333
HUPA0016P,61,305,-0.016564453667082174
HUPA0016P,62,310,-0.017625200998698933
HUPA0016P,63,315,-0.005640613153515677
HUPA0016P,64,320,-0.00767804801699825
HUPA0016P,65,325,-0.00536312863415242
HUPA0016P,66,330,0.0010361429126399284
HUPA0016P,67,335,-0.0033926468671275603
HUPA0016P,68,340,0.020138756006772788
HUPA0016P,69,345,-0.0031624070007632487
HUPA0016P,70,350,-0.003881922066420217
HUPA0016P,71,355,-0.020570322639740457
HUPA0016P,72,360,0.006194474874651702
HUPA0017P,1,5,0.9972995222513167
HUPA0017P,2,10,-0.7331013475439908
HUPA0017P,3,15,-0.18680140774637702
HUPA0017P,4,20,-0.016988256052517737
HUPA0017P,5,25,0.013314921080306645
HUPA0017P,6,30,0.030767000855463696
HUPA0017P,7,35,0.052639864452867606
HUPA0017P,8,40,-0.056892711774452674
HUPA0017P,9,45,-0.024372909467386725
HUPA0017P,10,50,0.00899089339660993
HUPA0017P,11,55,-0.0239143331564032
HUPA0017P,12,60,-0.018617869857224873
HUPA0017P,13,65,-0.0022563566739475173
HUPA0017P,14,70,0.010299958016075424
HUPA0017P,15,75,0.009185947310674687
HUPA0017P,16,80,0.006814460848221282
HUPA0017P,17,85,-0.007141094543720403
HUPA0017P,18,90,0.00811987802393069
HUPA0017P,19,95,0.014011956063858376
HUPA0017P,20,100,0.015325508492765866
HUPA0017P,21,105,-0.007639195166667821
HUPA0017P,22,110,-0.004497164594067689
HUPA0017P,23,115,-0.00038156723082511643
HUPA0017P,24,120,-0.014175012491254222
HUPA0017P,25,125,-0.005326504622251999
HUPA0017P,26,130,-0.03454190054756731
HUPA0017P,27,135,-0.01580184287942046
HUPA0017P,28,140,-0.007350915822150016
HUPA0017P,29,145,0.010156775729025918
HUPA0017P,30,150,0.022279242618477735
HUPA0017P,31,155,0.012937633315571389
HUPA0017P,32,160,-0.003940830980464001
HUPA0017P,33,165,0.0046633971986750145
HUPA0017P,34,170,0.006015230354296693
HUPA0017P,35,175,-0.026667577914364866
HUPA0017P,36,180,-0.011836602166724317
HUPA0017P,37,185,-0.004594592340561419
HUPA0017P,38,190,0.019200746571149712
HUPA0017P,39,195,0.00805849409421001
HUPA0017P,40,200,0.0030916857506579046
HUPA0017P,41,205,0.01735394630188592
HUPA0017P,42,210,0.008475632012184535
HUPA0017P,43,215,0.00758176775207326
HUPA0017P,44,220,0.0008965336145898719
HUPA0017P,45,225,0.0020130647443265533
HUPA0017P,46,230,0.004732328220349478
HUPA0017P,47,235,-0.024669281712514285
HUPA0017P,48,240,-0.002262389696705216
HUPA0017P,49,245,0.002088238457144478
HUPA0017P,50,250,-0.023692738054121275
HUPA0017P,51,255,0.0069296868055621665
HUPA0017P,52,260,0.006512866908362848
HUPA0017P,53,265,-0.007297128860393117
HUPA0017P,54,270,-0.005993752742426451
HUPA0017P,55,275,-0.0046077789122595785
HUPA0017P,56,280,0.005979185028566747
HUPA0017P,57,285,0.001458626098627851
HUPA0017P,58,290,-0.0013595938367518129
HUPA0017P,59,295,-0.010665027954016646
HUPA0017P,60,300,-0.016229090657752493
HUPA0017P,61,305,-0.011910272338865586
HUPA0017P,62,310,0.0005250810828238947
HUPA0017P,63,315,-0.0106485186732989
HUPA0017P,64,320,-0.011430686991179006
HUPA0017P,65,325,0.01349945525805018
HUPA0017P,66,330,-0.001851198637053333
HUPA0017P,67,335,-0.005288985247250048
HUPA0017P,68,340,-0.00424922503037201
HUPA0017P,69,345,-0.004381992190139618
HUPA0017P,70,350,-0.002532989539182911
HUPA0017P,71,355,-0.01970850319610673
HUPA0017P,72,360,-0.017509579083130073
HUPA0018P,1,5,0.9976227468584126
HUPA0018P,2,10,-0.8259061513425682
HUPA0018P,3,15,-0.10714887782151794
HUPA0018P,4,20,0.02513031662983344
HUPA0018P,5,25,-0.04981087220463739
HUPA0018P,6,30,0.00727264270973772
HUPA0018P,7,35,0.03518825110964402
HUPA0018P,8,40,-0.06880085650352435
HUPA0018P,9,45,-0.0075730446641307505
HUPA0018P,10,50,0.01909863186971466
HUPA0018P,11,55,-0.033497840256982284
HUPA0018P,12,60,-0.002886990994875365
HUPA0018P,13,65,0.014663009975226272
HUPA0018P,14,70,0.011926189912378305
HUPA0018P,15,75,0.008081590150936936
HUPA0018P,16,80,0.019999659153201146
HUPA0018P,17,85,0.0009023054243840665
HUPA0018P,18,90,-0.010594808049164536
HUPA0018P,19,95,0.011097899039723837
HUPA0018P,20,100,-0.046155020091543236
HUPA0018P,21,105,-0.00027335017762922475
HUPA0018P,22,110,0.008833727439728802
HUPA0018P,23,115,-0.032072903161071184
HUPA0018P,24,120,0.013208503668697209
HUPA0018P,25,125,0.011124495252141405
HUPA0018P,26,130,-0.021744415071028308
HUPA0018P,27,135,0.012062796753059357
HUPA0018P,28,140,0.010843250361539252
HUPA0018P,29,145,-0.00990759839495732
HUPA0018P,30,150,0.006369304699050337
HUPA0018P,31,155,0.009145424816014415
HUPA0018P,32,160,-0.04014249282689545
HUPA0018P,33,165,-0.00023942673836598022
HUPA0018P,34,170,0.002544538867711714
HUPA0018P,35,175,-0.014274466207251126
HUPA0018P,36,180,-0.017573512961089784
HUPA0018P,37,185,-0.007934636718822852
HUPA0018P,38,190,0.01573421553939469
HUPA0018P,39,195,0.0010799988095104352
HUPA0018P,40,200,0.0014098352580309463
HUPA0018P,41,205,-0.03570523948813729
HUPA0018P,42,210,-0.018622943150223687
HUPA0018P,43,215,-0.010691946736004938
HUPA0018P,44,220,-0.006789751086846026
HUPA0018P,45,225,-0.005252517285760796
HUPA0018P,46,230,-0.008237463442481998
HUPA0018P,47,235,-0.003986699047729557
HUPA0018P,48,240,0.00040066885086046945
HUPA0018P,49,245,-0.004964790407416378
HUPA0018P,50,250,0.020801243752262947
HUPA0018P,51,255,0.015847459497588326
HUPA0018P,52,260,0.006672449442397256
HUPA0018P,53,265,-0.0025439078761938187
HUPA0018P,54,270,0.007321052573312675
HUPA0018P,55,275,0.0065992413923497304
HUPA0018P,56,280,-0.005051303526690507
HUPA0018P,57,285,0.002079647042297543
HUPA0018P,58,290,0.0039989202351716135
HUPA0018P,59,295,-0.007518843507636028
HUPA0018P,60,300,-0.003104052800294328
HUPA0018P,61,305,0.0010919675098185616
HUPA0018P,62,310,0.0029859507545570885
HUPA0018P,63,315,0.004292599461621779
HUPA0018P,64,320,0.004730180203486015
HUPA0018P,65,325,-0.008037705998350745
HUPA0018P,66,330,0.00489531078205486
HUPA0018P,67,335,0.005583612954273661
HUPA0018P,68,340,-0.002903087963867937
HUPA0018P,69,345,-0.002107686066940622
HUPA0018P,70,350,-2.9105838744337324e-06
HUPA0018P,71,355,-0.002572225568842791
HUPA0018P,72,360,0.008856308048238327
HUPA0019P,1,5,0.9947685452118181
HUPA0019P,2,10,-0.8665255825759433
HUPA0019P,3,15,-0.006536439956993212
HUPA0019P,4,20,0.027911655488551044
HUPA0019P,5,25,0.062262530584834504
HUPA0019P,6,30,0.06467880414814263
HUPA0019P,7,35,0.07380305757056313
HUPA0019P,8,40,-0.15745877253102744
HUPA0019P,9,45,0.033581551363840056
HUPA0019P,10,50,0.04785299917582905
HUPA0019P,11,55,-0.10113558710782619
HUPA0019P,12,60,0.02251779680167269
HUPA0019P,13,65,0.03862165681593009
HUPA0019P,14,70,-0.054946246234882826
HUPA0019P,15,75,0.016843420716057052
HUPA0019P,16,80,0.031083139417080862
HUPA0019P,17,85,-0.06658850353581726
HUPA0019P,18,90,0.017461971852856716
HUPA0019P,19,95,0.027161013135461744
HUPA0019P,20,100,-0.04893784711186469
HUPA0019P,21,105,0.01332767768188082
HUPA0019P,22,110,0.023355190802250615
HUPA0019P,23,115,-0.027326983790706222
HUPA0019P,24,120,0.015470164263801616
HUPA0019P,25,125,0.022746933694778825
HUPA0019P,26,130,-0.006437101762766575
HUPA0019P,27,135,0.02319802424384517
HUPA0019P,28,140,0.030166022341200652
HUPA0019P,29,145,-0.06374233978651699
HUPA0019P,30,150,0.008829314307986285
HUPA0019P,31,155,0.015777103485956213
HUPA0019P,32,160,-0.0064874476237819405
HUPA0019P,33,165,0.01485577293617631
HUPA0019P,34,170,0.020334837149344923
HUPA0019P,35,175,-0.05939076504284425
HUPA0019P,36,180,0.005964295896201976
HUPA0019P,37,185,0.014326329820014552
HUPA0019P,38,190,-0.02447572994233608
HUPA0019P,39,195,0.0079597243396978
HUPA0019P,40,200,0.006232951114094074
HUPA0019P,41,205,-0.005460824814735072
HUPA0019P,42,210,0.005736942741978923
HUPA0019P,43,215,0.008573510902773284
HUPA0019P,44,220,-0.03107983433766832
HUPA0019P,45,225,0.0022987502077642065
HUPA0019P,46,230,0.0035480689254762015
HUPA0019P,47,235,0.006844100796401725
HUPA0019P,48,240,0.0028489477909218524
HUPA0019P,49,245,0.002150301343855109
HUPA0019P,50,250,-0.008238121549593625
HUPA0019P,51,255,0.012932659931628945
HUPA0019P,52,260,0.006388524409887832
HUPA0019P,53,265,0.004185863469918934
HUPA0019P,54,270,0.006534141718456393
HUPA0019P,55,275,0.007834730550836711
HUPA0019P,56,280,-0.016356942947723795
HUPA0019P,57,285,-0.0026353295534650894
HUPA0019P,58,290,-0.0005165899498537326
HUPA0019P,59,295,-0.02169177112309256
HUPA0019P,60,300,-0.00465961439925154
HUPA0019P,61,305,-0.0018603340548251416
HUPA0019P,62,310,-0.00800118381184051
HUPA0019P,63,315,-0.003948957244567884
HUPA0019P,64,320,-0.005694315023597199
HUPA0019P,65,325,0.008529010664214671
HUPA0019P,66,330,-0.0022189530524100143
HUPA0019P,67,335,-0.004905021780721252
HUPA0019P,68,340,0.008633951938403892
HUPA0019P,69,345,-0.002357561719463073
HUPA0019P,70,350,-0.0043652435934900344
HUPA0019P,71,355,-0.02730033595513517
HUPA0019P,72,360,0.006348460652008383
HUPA0020P,1,5,0.9978327830631838
HUPA0020P,2,10,-0.7899853403542616
HUPA0020P,3,15,-0.20303844903303572
HUPA0020P,4,20,-0.016659591492322667
HUPA0020P,5,25,0.030932877265744063
HUPA0020P,6,30,0.04117025249703262
HUPA0020P,7,35,0.07189167334979621
HUPA0020P,8,40,-0.03806904243732354
HUPA0020P,9,45,-0.020221570839366446
HUPA0020P,10,50,0.01919428975528933
HUPA0020P,11,55,-0.02082789591914662
HUPA0020P,12,60,-0.005670558036530683
HUPA0020P,13,65,0.018883548417888665
HUPA0020P,14,70,-0.018748597409932528
HUPA0020P,15,75,0.01023740441929118
HUPA0020P,16,80,0.02404167626969098
HUPA0020P,17,85,-0.030194144871070756
HUPA0020P,18,90,-0.0035682200365768184
HUPA0020P,19,95,0.015048908681479517
HUPA0020P,20,100,-0.022114355398378045
HUPA0020P,21,105,-0.0012032367854360225
HUPA0020P,22,110,0.010004812776610895
HUPA0020P,23,115,-0.042004931421616376
HUPA0020P,24,120,-0.011015319016057854
HUPA0020P,25,125,0.002148830198600769
HUPA0020P,26,130,-0.035920679464948674
HUPA0020P,27,135,-0.013873727771864743
HUPA0020P,28,140,-0.00378950476829202
HUPA0020P,29,145,-0.012048903930294714
HUPA0020P,30,150,0.00023868220707662697
HUPA0020P,31,155,-0.0003234201782001854
HUPA0020P,32,160,-0.030102801975690888
HUPA0020P,33,165,-0.018922724921226722
HUPA0020P,34,170,-0.007647614480734588
HUPA0020P,35,175,-0.0023682355197461517
HUPA0020P,36,180,-0.012325829874213722
HUPA0020P,37,185,-0.031246658283455415
HUPA0020P,38,190,0.01684732173802205
HUPA0020P,39,195,0.0029942089210772856
HUPA0020P,40,200,-0.005501703271614129
HUPA0020P,41,205,-0.02232503210695676
HUPA0020P,42,210,-0.032856340164566344
HUPA0020P,43,215,-0.03561112655037414
HUPA0020P,44,220,0.03842305558995919
HUPA0020P,45,225,-0.003672029015631327
HUPA0020P,46,230,-0.00838639500737569
HUPA0020P,47,235,-0.04362498900487211
HUPA0020P,48,240,-0.0019051555427749363
HUPA0020P,49,245,0.00770194860636005
HUPA0020P,50,250,-0.007349955528206092
HUPA0020P,51,255,-0.011244948222340552
HUPA0020P,52,260,-0.008658771385780912
HUPA0020P,53,265,0.018953588580466755
HUPA0020P,54,270,0.008175667417140672
HUPA0020P,55,275,0.016039058794493258
HUPA0020P,56,280,-0.002194153135376744
HUPA0020P,57,285,0.006329990858644923
HUPA0020P,58,290,0.012675745881122656
HUPA0020P,59,295,-0.016108676960286106
HUPA0020P,60,300,-0.0007817060267595028
HUPA0020P,61,305,-0.002371519502934816
HUPA0020P,62,310,-0.004871707609140395
HUPA0020P,63,315,-0.010963144628482448
HUPA0020P,64,320,-0.0052946357656194175
HUPA0020P,65,325,-0.018641107749813722
HUPA0020P,66,330,-0.017197426333392277
HUPA0020P,67,335,-0.007603761668508576
HUPA0020P,68,340,-0.011791982474369016
HUPA0020P,69,345,-0.006967691956431468
HUPA0020P,70,350,-0.025223225045214855
HUPA0020P,71,355,0.01163871004467016
HUPA0020P,72,360,0.009633353873608008
HUPA0021P,1,5,0.9934814013547822
HUPA0021P,2,10,-0.7848758840441347
HUPA0021P,3,15,-0.1501415462849254
HUPA0021P,4,20,-0.00040602084822505475
HUPA0021P,5,25,0.058776432485039505
HUPA0021P,6,30,0.06196125645210533
HUPA0021P,7,35,0.08656647468664141
HUPA0021P,8,40,-0.07402790523466883
HUPA0021P,9,45,0.008527566519964808
HUPA0021P,10,50,0.03688956309819298
HUPA0021P,11,55,-0.08312878126288975
HUPA0021P,12,60,0.02967982223345353
HUPA0021P,13,65,-0.0016581193776569246
HUPA0021P,14,70,-0.00796986480461717
HUPA0021P,15,75,0.0003722832805939771
HUPA0021P,16,80,0.03041072638827102
HUPA0021P,17,85,0.023781399467883213
HUPA0021P,18,90,0.018781103829352493
HUPA0021P,19,95,0.036133135739543645
HUPA0021P,20,100,-0.012363149920980029
HUPA0021P,21,105,-0.017096467385047578
HUPA0021P,22,110,0.03152380814446066
HUPA0021P,23,115,-0.04507802131272207
HUPA0021P,24,120,-0.013300325895199094
HUPA0021P,25,125,-0.004412716967780802
HUPA0021P,26,130,-0.0044158277359272686
HUPA0021P,27,135,0.010268259962568459
HUPA0021P,28,140,-0.0035006378079080066
HUPA0021P,29,145,-0.001194581947375992
HUPA0021P,30,150,-0.03646177933000396
HUPA0021P,31,155,0.00837703340965768
HUPA0021P,32,160,0.008275120005115176
HUPA0021P,33,165,0.0033120897626596237
HUPA0021P,34,170,-0.003207555430463411
HUPA0021P,35,175,0.0051011616860733
HUPA0021P,36,180,-0.019578390576389076
HUPA0021P,37,185,0.0044164290687130165
HUPA0021P,38,190,-0.02292296349225099
HUPA0021P,39,195,-0.030585192306058006
HUPA0021P,40,200,-0.008533940380021162
HUPA0021P,41,205,-0.021262447872416428
HUPA0021P,42,210,0.010920203393359845
HUPA0021P,43,215,-0.028382029793050705
HUPA0021P,44,220,0.018962433094739245
HUPA0021P,45,225,0.025664254773263503
HUPA0021P,46,230,-0.008289032555144172
HUPA0021P,47,235,0.015206379174089589
HUPA0021P,48,240,0.006165527477205951
HUPA0021P,49,245,0.005542158332999822
HUPA0021P,50,250,0.0043294005592274375
HUPA0021P,51,255,0.0022211711305651707
HUPA0021P,52,260,0.007735939111536046
HUPA0021P,53,265,0.001068828979589689
HUPA0021P,54,270,0.01455382389735174
HUPA0021P,55,275,0.004517926240698134
HUPA0021P,56,280,-0.02702493586496243
HUPA0021P,57,285,-0.03240530485627399
HUPA0021P,58,290,-0.004357015672684779
HUPA0021P,59,295,0.01315711584673587
HUPA0021P,60,300,0.0028003060303002157
HUPA0021P,61,305,0.002374044889529398
HUPA0021P,62,310,0.012687986573326277
HUPA0021P,63,315,-0.008130968683569701
HUPA0021P,64,320,0.00992186982655276
HUPA0021P,65,325,0.004288281863489694
HUPA0021P,66,330,0.012976077278273776
HUPA0021P,67,335,0.001963494998849858
HUPA0021P,68,340,-0.0193194378502927
HUPA0021P,69,345,0.0035308693106739127
HUPA0021P,70,350,-0.004640566671486144
HUPA0021P,71,355,-0.006367548842284418
HUPA0021P,72,360,0.002762794872453784
HUPA0022P,1,5,0.9875168689884202
HUPA0022P,2,10,-0.11509707975194096
HUPA0022P,3,15,0.12017773408793345
HUPA0022P,4,20,-0.024215082104732673
HUPA0022P,5,25,0.007954320783239802
HUPA0022P,6,30,-0.027175912575615805
HUPA0022P,7,35,-0.02839504283188965
HUPA0022P,8,40,-0.029016557298346846
HUPA0022P,9,45,-0.02724012070833935
HUPA0022P,10,50,-0.02921806205641357
HUPA0022P,11,55,-0.027995909621837744
HUPA0022P,12,60,-0.024322553352099614
HUPA0022P,13,65,-0.02086449550399314
HUPA0022P,14,70,-0.025655396875978828
HUPA0022P,15,75,-0.02035430526436373
HUPA0022P,16,80,-0.016435135358241135
HUPA0022P,17,85,-0.0056716986836383
HUPA0022P,18,90,-0.01196911852858827
HUPA0022P,19,95,-0.015078862908086278
HUPA0022P,20,100,0.024589726374753425
HUPA0022P,21,105,-0.036211117538689434
HUPA0022P,22,110,-0.008740888233515732
HUPA0022P,23,115,0.01141396098638148
HUPA0022P,24,120,-0.007133348271946287
HUPA0022P,25,125,0.004808062129902317
HUPA0022P,26,130,0.0012910470390504107
HUPA0022P,27,135,0.008322985850113892
HUPA0022P,28,140,-0.0011714626548666634
HUPA0022P,29,145,0.01789389032252195
HUPA0022P,30,150,0.012132587111866499
HUPA0022P,31,155,-0.009415982744133652
HUPA0022P,32,160,0.028647238096694307
HUPA0022P,33,165,0.012543661256587174
HUPA0022P,34,170,-0.028418326811316508
HUPA0022P,35,175,0.001477614328048265
HUPA0022P,36,180,-0.0009831699812090466
HUPA0022P,37,185,-0.027818657543097636
HUPA0022P,38,190,0.033178832387997355
HUPA0022P,39,195,0.02997228388428587
HUPA0022P,40,200,0.01207674672702959
HUPA0022P,41,205,0.02595229985577933
HUPA0022P,42,210,-0.006080269881836885
HUPA0022P,43,215,-0.032812932176362615
HUPA0022P,44,220,0.037289757297509746
HUPA0022P,45,225,8.123361027447462e-05
HUPA0022P,46,230,-0.01611176498989512
HUPA0022P,47,235,0.017509883317864437
HUPA0022P,48,240,0.0034706479856366572
HUPA0022P,49,245,-0.003985861125286275
HUPA0022P,50,250,0.00842831014215918
HUPA0022P,51,255,0.0049506343543426305
HUPA0022P,52,260,-0.018590762624019735
HUPA0022P,53,265,0.008452593319169093
HUPA0022P,54,270,-0.004107469936589793
HUPA0022P,55,275,-0.04100558554297178
HUPA0022P,56,280,0.018364753948840597
HUPA0022P,57,285,-0.000583556877457206
HUPA0022P,58,290,-0.030085631592754205
HUPA0022P,59,295,-0.009035575615547835
HUPA0022P,60,300,0.0038033955685248836
HUPA0022P,61,305,-0.03134242577918373
HUPA0022P,62,310,-0.004526162383478374
HUPA0022P,63,315,0.0009920415283532116
HUPA0022P,64,320,-0.018609759857893954
HUPA0022P,65,325,0.0038335385808082063
HUPA0022P,66,330,-0.0028016751792369447
HUPA0022P,67,335,0.003003124812397514
HUPA0022P,68,340,-0.003947907144068816
HUPA0022P,69,345,-0.0018942762145993338
HUPA0022P,70,350,-0.012710661526815421
HUPA0022P,71,355,-0.004241802273809435
HUPA0022P,72,360,-0.008588946150189857
HUPA0023P,1,5,0.9952502599057209
HUPA0023P,2,10,-0.7112183895297653
HUPA0023P,3,15,-0.187991490008903
HUPA0023P,4,20,-0.02024413421885574
HUPA0023P,5,25,-0.010011630598291967
HUPA0023P,6,30,0.010716391725541063
HUPA0023P,7,35,0.03773823598275134
HUPA0023P,8,40,-0.008356232612152226
HUPA0023P,9,45,0.0021336510991565934
HUPA0023P,10,50,0.025744155510862274
HUPA0023P,11,55,-0.027405164906824594
HUPA0023P,12,60,0.0009637360682795141
HUPA0023P,13,65,0.019306715129854223
HUPA0023P,14,70,-0.010457395807488192
HUPA0023P,15,75,-0.012701626188871606
HUPA0023P,16,80,0.0008199160314004993
HUPA0023P,17,85,-0.04246520991947712
HUPA0023P,18,90,-0.004432671022652222
HUPA0023P,19,95,0.0030502931610812104
HUPA0023P,20,100,0.015412351588515606
HUPA0023P,21,105,0.01881052596246539
HUPA0023P,22,110,0.017176759453001955
HUPA0023P,23,115,0.0028885174067283734
HUPA0023P,24,120,-0.011832204582477971
HUPA0023P,25,125,-0.004668143746896223
HUPA0023P,26,130,-0.015133200732286092
HUPA0023P,27,135,-0.0005421826106440101
HUPA0023P,28,140,0.002027363499242904
HUPA0023P,29,145,0.009305602348183215
HUPA0023P,30,150,-0.004796813269195771
HUPA0023P,31,155,-0.003943279375277891
HUPA0023P,32,160,-0.0030423273356658394
HUPA0023P,33,165,-0.00037316658708032383
HUPA0023P,34,170,0.0003623129989293811
HUPA0023P,35,175,-0.02353243313222563
HUPA0023P,36,180,0.009567035758619955
HUPA0023P,37,185,0.007435761146197405
HUPA0023P,38,190,0.030498663773767115
HUPA0023P,39,195,0.0018871474272189525
HUPA0023P,40,200,0.0018978020719327914
HUPA0023P,41,205,-0.018523506363265406
HUPA0023P,42,210,0.008291101833343592
HUPA0023P,43,215,0.010238882735144462
HUPA0023P,44,220,0.003068378258482096
HUPA0023P,45,225,0.005595839798652524
HUPA0023P,46,230,0.0056901000880697685
HUPA0023P,47,235,0.0011151442393962925
HUPA0023P,48,240,-0.00418645378344858
HUPA0023P,49,245,-0.0009242473480740153
HUPA0023P,50,250,-0.021728847322703606
HUPA0023P,51,255,0.009005480934470214
HUPA0023P,52,260,0.007150760855869226
HUPA0023P,53,265,-0.0020893767760596627
HUPA0023P,54,270,-0.002919563835930966
HUPA0023P,55,275,-0.002954273072271331
HUPA0023P,56,280,0.00899234904345861
HUPA0023P,57,285,-0.01137597497396349
HUPA0023P,58,290,-0.009891231771383457
HUPA0023P,59,295,0.007446777982942709
HUPA0023P,60,300,0.008325070915401547
HUPA0023P,61,305,0.0034386662593135216
HUPA0023P,62,310,0.028907383238905716
HUPA0023P,63,315,0.0006888470159880822
HUPA0023P,64,320,0.0013778481124409325
HUPA0023P,65,325,-0.010118047548244805
HUPA0023P,66,330,0.014065505472936978
HUPA0023P,67,335,0.013729155803182121
HUPA0023P,68,340,0.010285080190931224
HUPA0023P,69,345,0.022654316309724847
HUPA0023P,70,350,0.020435257833309926
HUPA0023P,71,355,0.013159607671755563
HUPA0023P,72,360,0.0006186458115106576
HUPA0024P,1,5,0.9974945449742983
HUPA0024P,2,10,-0.7054599307229644
HUPA0024P,3,15,-0.20101003841506376
HUPA0024P,4,20,-0.029363545773269165
HUPA0024P,5,25,-0.11251736538505637
HUPA0024P,6,30,-0.07453564698815655
HUPA0024P,7,35,-0.03685222913866842
HUPA0024P,8,40,0.008808740333758936
HUPA0024P,9,45,0.004700283055334883
HUPA0024P,10,50,0.013021655840650887
HUPA0024P,11,55,-0.0036814485358686276
HUPA0024P,12,60,0.01762429085586251
HUPA0024P,13,65,0.024380864603510438
HUPA0024P,14,70,-0.014922650452255177
HUPA0024P,15,75,-0.014222973835982712
HUPA0024P,16,80,-0.0033461187984582417
HUPA0024P,17,85,-0.007162597663509261
HUPA0024P,18,90,-0.017565818142930956
HUPA0024P,19,95,-0.010279778099529726
HUPA0024P,20,100,-0.0122118658903321
HUPA0024P,21,105,-0.004954529785925498
HUPA0024P,22,110,-0.001496325664365621
HUPA0024P,23,115,-0.0021367995148711093
HUPA0024P,24,120,0.006522141359582257
HUPA0024P,25,125,0.008854999113249867
HUPA0024P,26,130,-0.0024281736798836017
HUPA0024P,27,135,-0.008169766705689101
HUPA0024P,28,140,-0.004562808336105364
HUPA0024P,29,145,0.011357249462233297
HUPA0024P,30,150,0.02403121643656441
HUPA0024P,31,155,0.022686166663251538
HUPA0024P,32,160,-0.012718899541268003
HUPA0024P,33,165,0.0013144657493446258
HUPA0024P,34,170,0.005609238670083512
HUPA0024P,35,175,-0.0017758608450624202
HUPA0024P,36,180,-0.005547726011825602
HUPA0024P,37,185,-0.001228769755737677
HUPA0024P,38,190,-0.016076161594323773
HUPA0024P,39,195,-0.013774017824753517
HUPA0024P,40,200,-0.010885571716869975
HUPA0024P,41,205,-0.003912505508722448
HUPA0024P,42,210,0.004971827467268375
HUPA0024P,43,215,0.004672780996461635
HUPA0024P,44,220,0.0010686987838018076
HUPA0024P,45,225,-0.003513339844002378
HUPA0024P,46,230,-0.002317570787995032
HUPA0024P,47,235,-0.010158279084774404
HUPA0024P,48,240,0.010504235374710033
HUPA0024P,49,245,0.009167982108077444
HUPA0024P,50,250,-0.0027397106846186875
HUPA0024P,51,255,-0.007612441896943086
HUPA0024P,52,260,-0.005834763740620054
HUPA0024P,53,265,0.006435070964942575
HUPA0024P,54,270,0.0034219404156452023
HUPA0024P,55,275,0.002909948316505102
HUPA0024P,56,280,-0.005966254817071181
HUPA0024P,57,285,0.0013001372450850692
HUPA0024P,58,290,0.0014174270336025018
HUPA0024P,59,295,0.0032626914970650756
HUPA0024P,60,300,0.005907573472549209
HUPA0024P,61,305,0.006139046797424506
HUPA0024P,62,310,0.0028662412628363853
HUPA0024P,63,315,0.0015448562508145562
HUPA0024P,64,320,0.002562904537962718
HUPA0024P,65,325,0.016314934062390513
HUPA0024P,66,330,0.004711685805397151
HUPA0024P,67,335,0.0037215622686743695
HUPA0024P,68,340,-0.009743446977725036
HUPA0024P,69,345,0.005251541283732998
HUPA0024P,70,350,0.005163765429094996
HUPA0024P,71,355,0.02896440849167221
HUPA0024P,72,360,0.009938700750210168
HUPA0025P,1,5,0.9964206736775048
HUPA0025P,2,10,-0.7949367313362469
HUPA0025P,3,15,0.07024732697135762
HUPA0025P,4,20,0.11072128109823853
HUPA0025P,5,25,-0.22370003347505296
HUPA0025P,6,30,0.03726709282054793
HUPA0025P,7,35,0.06400779906673434
HUPA0025P,8,40,-0.12305217900461968
HUPA0025P,9,45,0.03341551208890236
HUPA0025P,10,50,0.04780611671532611
HUPA0025P,11,55,-0.06313336126450386
HUPA0025P,12,60,0.033463043014695666
HUPA0025P,13,65,0.043967382196273254
HUPA0025P,14,70,-0.11247967414056335
HUPA0025P,15,75,0.013325647385738116
HUPA0025P,16,80,0.027251984464716245
HUPA0025P,17,85,-0.040216534393040244
HUPA0025P,18,90,0.01063890407448929
HUPA0025P,19,95,0.02416410208372082
HUPA0025P,20,100,-0.03605610409761362
HUPA0025P,21,105,0.009997632170557798
HUPA0025P,22,110,0.021302426810793845
HUPA0025P,23,115,-0.048363003139994115
HUPA0025P,24,120,0.006136881071542664
HUPA0025P,25,125,0.015625485162786137
HUPA0025P,26,130,-0.005024693538341063
HUPA0025P,27,135,0.009861331774262043
HUPA0025P,28,140,0.017839462239309732
HUPA0025P,29,145,-0.029911668214668875
HUPA0025P,30,150,0.0064626791492795425
HUPA0025P,31,155,0.014395220869409439
HUPA0025P,32,160,-0.015978171172229997
HUPA0025P,33,165,0.007552586667191654
HUPA0025P,34,170,0.013583676951279008
HUPA0025P,35,175,-0.026495904680892968
HUPA0025P,36,180,0.007687317012756048
HUPA0025P,37,185,0.011095440797336672
HUPA0025P,38,190,-0.03185811779321091
HUPA0025P,39,195,0.00421787729613507
HUPA0025P,40,200,0.007095405513855743
HUPA0025P,41,205,-0.05682927246007796
HUPA0025P,42,210,-0.005798576331520072
HUPA0025P,43,215,-0.001994874217370024
HUPA0025P,44,220,-0.006681573860134313
HUPA0025P,45,225,-0.0024984229267673076
HUPA0025P,46,230,-0.0014536943035573673
HUPA0025P,47,235,0.008428904707221916
HUPA0025P,48,240,-0.0024255654064053887
HUPA0025P,49,245,0.0008378240529675283
HUPA0025P,50,250,-0.03443810844101615
HUPA0025P,51,255,-0.008962261316338335
HUPA0025P,52,260,-0.0050255475619909095
HUPA0025P,53,265,0.04086021204951163
HUPA0025P,54,270,0.0006286078082295154
HUPA0025P,55,275,0.003379309717018064
HUPA0025P,56,280,-0.04391385493689098
HUPA0025P,57,285,-0.009372286413844546
HUPA0025P,58,290,-0.004768260027754434
HUPA0025P,59,295,0.02108396726595432
HUPA0025P,60,300,-0.00265356907051088
HUPA0025P,61,305,-0.00027427169550750584
HUPA0025P,62,310,0.01249478867232575
HUPA0025P,63,315,0.0041365421531602735
HUPA0025P,64,320,0.0033620344257061234
HUPA0025P,65,325,0.008858255026196289
HUPA0025P,66,330,0.004883012482435617
HUPA0025P,67,335,0.005404396756725847
HUPA0025P,68,340,-0.012863422403268888
HUPA0025P,69,345,0.0003792383232470359
HUPA0025P,70,350,0.0032091182871001583
HUPA0025P,71,355,-0.00570185002585067
HUPA0025P,72,360,0.0019503553444133598
HUPA0026P,1,5,0.9974339513224408
HUPA0026P,2,10,-0.8129672648625248
HUPA0026P,3,15,0.08926902143106312
HUPA0026P,4,20,0.10641872466460449
HUPA0026P,5,25,-0.25713946557802736
HUPA0026P,6,30,0.05455825575557162
HUPA0026P,7,35,0.062091668487507065
HUPA0026P,8,40,-0.1266948373711728
HUPA0026P,9,45,0.04431406467530225
HUPA0026P,10,50,0.04992929613317332
HUPA0026P,11,55,-0.1194099173903905
HUPA0026P,12,60,0.034635901743625255
HUPA0026P,13,65,0.03972862628826486
HUPA0026P,14,70,-0.0801746657790792
HUPA0026P,15,75,0.03034166550527025
HUPA0026P,16,80,0.035267703795266
HUPA0026P,17,85,-0.04705975543118189
HUPA0026P,18,90,0.02992190000429502
HUPA0026P,19,95,0.034855289025517176
HUPA0026P,20,100,-0.04316841075388251
HUPA0026P,21,105,0.0299285672633222
HUPA0026P,22,110,0.034139289851589
HUPA0026P,23,115,-0.04686427714391612
HUPA0026P,24,120,0.029752246432119617
HUPA0026P,25,125,0.032039790682677524
HUPA0026P,26,130,-0.06242489485124044
HUPA0026P,27,135,0.02613459573595382
HUPA0026P,28,140,0.028840629938937164
HUPA0026P,29,145,-0.04049777314428438
HUPA0026P,30,150,0.02584760107000535
HUPA0026P,31,155,0.027861736672441073
HUPA0026P,32,160,-0.06507641643004061
HUPA0026P,33,165,0.0225782492548973
HUPA0026P,34,170,0.023917666444808614
HUPA0026P,35,175,-0.06075564397173536
HUPA0026P,36,180,0.019397526485328182
HUPA0026P,37,185,0.020675159762350098
HUPA0026P,38,190,-0.03866341326966349
HUPA0026P,39,195,0.01824096298715001
HUPA0026P,40,200,0.019669985038708652
HUPA0026P,41,205,-0.03450685852277561
HUPA0026P,42,210,0.01714211895696193
HUPA0026P,43,215,0.018689271784219797
HUPA0026P,44,220,-0.05117985947460092
HUPA0026P,45,225,0.014444858455589496
HUPA0026P,46,230,0.016017079464653874
HUPA0026P,47,235,-0.04282420076537392
HUPA0026P,48,240,0.01295704358603751
HUPA0026P,49,245,0.013753849322223633
HUPA0026P,50,250,-0.04071336279775524
HUPA0026P,51,255,0.011424865212559395
HUPA0026P,52,260,0.011840758091882817
HUPA0026P,53,265,-0.020033687846221233
HUPA0026P,54,270,0.011749334333935412
HUPA0026P,55,275,0.011550751258760846
HUPA0026P,56,280,-0.035147902897078295
HUPA0026P,57,285,0.010452395377577906
HUPA0026P,58,290,0.009895670068815981
HUPA0026P,59,295,-0.020699504008587555
HUPA0026P,60,300,0.010123739069532556
HUPA0026P,61,305,0.009846441401805654
HUPA0026P,62,310,-0.03503050033860567
HUPA0026P,63,315,0.008418929914651183
HUPA0026P,64,320,0.008279698047484203
HUPA0026P,65,325,-0.02185522699653481
HUPA0026P,66,330,0.007698012310923844
HUPA0026P,67,335,0.007670995354453072
HUPA0026P,68,340,-0.015954455886211884
HUPA0026P,69,345,0.007585105183531714
HUPA0026P,70,350,0.007401266442694303
HUPA0026P,71,355,-0.048113678286269945
HUPA0026P,72,360,0.004432116610411639
HUPA0027P,1,5,0.9959494686588134
HUPA0027P,2,10,-0.7894121511758725
HUPA0027P,3,15,0.06288005130130415
HUPA0027P,4,20,0.11104510082835478
HUPA0027P,5,25,-0.17950346564874523
HUPA0027P,6,30,0.049992157591015045
HUPA0027P,7,35,0.07516536250687465
HUPA0027P,8,40,-0.10390644586342801
HUPA0027P,9,45,0.04241711528408186
HUPA0027P,10,50,0.06071186762609929
HUPA0027P,11,55,-0.11960786178152892
HUPA0027P,12,60,0.024420978378513362
HUPA0027P,13,65,0.0419589252258614
HUPA0027P,14,70,-0.05628943217970633
HUPA0027P,15,75,0.023117028102225566
HUPA0027P,16,80,0.036862798711216734
HUPA0027P,17,85,-0.04765584520965312
HUPA0027P,18,90,0.020893418870330156
HUPA0027P,19,95,0.03168938665201457
HUPA0027P,20,100,-0.051910417023686393
HUPA0027P,21,105,0.015326514730690808
HUPA0027P,22,110,0.024883172457779445
HUPA0027P,23,115,-0.015010066182585895
HUPA0027P,24,120,0.01851610380689759
HUPA0027P,25,125,0.024968557768756557
HUPA0027P,26,130,-0.03922729734945186
HUPA0027P,27,135,0.012855883050188976
HUPA0027P,28,140,0.019143854302262748
HUPA0027P,29,145,-0.03098250225349134
HUPA0027P,30,150,0.009894414153920207
HUPA0027P,31,155,0.01493747856524783
HUPA0027P,32,160,-0.03684301811374888
HUPA0027P,33,165,0.0029648083630185967
HUPA0027P,34,170,0.009109135739290525
HUPA0027P,35,175,-0.0013722605032189853
HUPA0027P,36,180,0.006865189925416044
HUPA0027P,37,185,0.010136760469854036
HUPA0027P,38,190,-0.009099093805757833
HUPA0027P,39,195,0.006447330059705632
HUPA0027P,40,200,0.008834283541913457
HUPA0027P,41,205,-0.03753178750287864
HUPA0027P,42,210,-0.0012475011417511135
HUPA0027P,43,215,0.0013335174449238469
HUPA0027P,44,220,0.00032572511339263595
HUPA0027P,45,225,0.0014334349341101444
HUPA0027P,46,230,0.001998191942438787
HUPA0027P,47,235,-0.006058660357514913
HUPA0027P,48,240,0.0017052369916920685
HUPA0027P,49,245,0.0008036365251002791
HUPA0027P,50,250,-0.01303918180666371
HUPA0027P,51,255,-0.0006451568641090423
HUPA0027P,52,260,-0.0011411217506861085
HUPA0027P,53,265,0.00031661977882414756
HUPA0027P,54,270,-0.0009463180746484788
HUPA0027P,55,275,-0.0010507146345003977
HUPA0027P,56,280,-0.0012839468432072224
HUPA0027P,57,285,-0.0016406710118833383
HUPA0027P,58,290,-0.0013314732008900504
HUPA0027P,59,295,0.011965374653444443
HUPA0027P,60,300,0.0035769479454822724
HUPA0027P,61,305,0.001622624704651826
HUPA0027P,62,310,-0.004549672898976934
HUPA0027P,63,315,0.0020429190978732575
HUPA0027P,64,320,0.0011779919512377643
HUPA0027P,65,325,-0.008757917434879149
HUPA0027P,66,330,-0.00022407560086736927
HUPA0027P,67,335,-0.0008278666498478523
HUPA0027P,68,340,-0.002765453907132293
HUPA0027P,69,345,-0.0002602809215582358
HUPA0027P,70,350,-0.0012188804738792402
HUPA0027P,71,355,-0.00940229911876827
HUPA0027P,72,360,-0.002254259572106912
HUPA0028P,1,5,0.9938142595276517
HUPA0028P,2,10,-0.8403917979029187
HUPA0028P,3,15,0.03090605871187565
HUPA0028P,4,20,0.06423697117031676
HUPA0028P,5,25,-0.027246414933215713
HUPA0028P,6,30,0.06328007795930073
HUPA0028P,7,35,0.0799739785262991
HUPA0028P,8,40,-0.07643051566058924
HUPA0028P,9,45,0.06222111191034134
HUPA0028P,10,50,0.08057286710182836
HUPA0028P,11,55,-0.13107467908786782
HUPA0028P,12,60,0.04686264446667051
HUPA0028P,13,65,0.06370452606849278
HUPA0028P,14,70,-0.09479799454300303
HUPA0028P,15,75,0.04112938375260547
HUPA0028P,16,80,0.051193913041860196
HUPA0028P,17,85,-0.07309739314388722
HUPA0028P,18,90,0.036724164982011885
HUPA0028P,19,95,0.05026480804377566
HUPA0028P,20,100,-0.07055128597331783
HUPA0028P,21,105,0.03162395153244188
HUPA0028P,22,110,0.045817133650928724
HUPA0028P,23,115,-0.06334794921246248
HUPA0028P,24,120,0.02737497574822836
HUPA0028P,25,125,0.0339933577951865
HUPA0028P,26,130,-0.046788416178540064
HUPA0028P,27,135,0.024484463423052303
HUPA0028P,28,140,0.0317000154961064
HUPA0028P,29,145,-0.0435395427103498
HUPA0028P,30,150,0.020978406206592488
HUPA0028P,31,155,0.030992531598153107
HUPA0028P,32,160,-0.04981773293751739
HUPA0028P,33,165,0.015902040543375684
HUPA0028P,34,170,0.023109163659484813
HUPA0028P,35,175,-0.022942232816767237
HUPA0028P,36,180,0.015625761583781737
HUPA0028P,37,185,0.022589140436397523
HUPA0028P,38,190,-0.030344138169088798
HUPA0028P,39,195,0.012324319645503816
HUPA0028P,40,200,0.01443631952368693
HUPA0028P,41,205,-0.011754891533990175
HUPA0028P,42,210,0.012069940529955381
HUPA0028P,43,215,0.017194169419007654
HUPA0028P,44,220,-0.03720972327056022
HUPA0028P,45,225,0.0061798817671617785
HUPA0028P,46,230,0.009733710288687794
HUPA0028P,47,235,-0.012637527344843098
HUPA0028P,48,240,0.005516152794344241
HUPA0028P,49,245,0.006501526601755949
HUPA0028P,50,250,0.010903603992344642
HUPA0028P,51,255,0.008167882119754163
HUPA0028P,52,260,0.008400748400625295
HUPA0028P,53,265,-0.01354243833167855
HUPA0028P,54,270,0.004903479096019798
HUPA0028P,55,275,0.006042345045496609
HUPA0028P,56,280,-0.013399472774135009
HUPA0028P,57,285,0.002670245665447951
HUPA0028P,58,290,0.0034218642172936234
HUPA0028P,59,295,-0.003051641652052119
HUPA0028P,60,300,0.002258411850477851
HUPA0028P,61,305,0.0032434353915762205
HUPA0028P,62,310,-0.003196360104769239
HUPA0028P,63,315,0.001286839488687786
HUPA0028P,64,320,0.0023695179352518168
HUPA0028P,65,325,0.0025443738546588354
HUPA0028P,66,330,0.0015694430487734798
HUPA0028P,67,335,0.003639058929902322
HUPA0028P,68,340,-0.004165683076478264
HUPA0028P,69,345,0.0005064316328396878
HUPA0028P,70,350,-0.0015070081882058762
HUPA0028P,71,355,0.004450889260018702
HUPA0028P,72,360,0.0008028908059891201
